<?xml version="1.0" encoding="utf-8" ?><dwsync><file name="docscanner2.png" server="ftp.365icon.com" local="3349953916" remote="11940264332" /><file name="eye_tv.png" server="ftp.365icon.com" local="3349952783" remote="11940264332" /><file name="Flixter_Movies.png" server="ftp.365icon.com" local="3349953799" remote="11940264332" /><file name="istylophone.png" server="ftp.365icon.com" local="3349952794" remote="11940264332" /><file name="istylophone2.png" server="ftp.365icon.com" local="3349952796" remote="11940264332" /><file name="keymote.png" server="ftp.365icon.com" local="3349953822" remote="11940264332" /><file name="labyrinth3d.png" server="ftp.365icon.com" local="3349953055" remote="11940264332" /><file name="Lightbulb (tweetie).png" server="ftp.365icon.com" local="3349952011" remote="11940264332" /><file name="mail_3.png" server="ftp.365icon.com" local="3349952185" remote="11940264332" /><file name="orbit_2.png" server="ftp.365icon.com" local="3349952777" remote="11940264332" /><file name="phone_3.png" server="ftp.365icon.com" local="3349952188" remote="11940264332" /><file name="ps2.png" server="ftp.365icon.com" local="3349952580" remote="11940264332" /><file name="ps3.png" server="ftp.365icon.com" local="3349952583" remote="11940264332" /><file name="put_things_off.png" server="ftp.365icon.com" local="3349953819" remote="11940264332" /><file name="quad_camera.png" server="ftp.365icon.com" local="3349952241" remote="11940264332" /><file name="Remote.png" server="ftp.365icon.com" local="3349953061" remote="11940264332" /><file name="satisfaction_remote.png" server="ftp.365icon.com" local="3349953815" remote="11940264332" /><file name="settings.png" server="ftp.365icon.com" local="3349952239" remote="11940264332" /><file name="simplify.png" server="ftp.365icon.com" local="3349953839" remote="11940264332" /><file name="skype3.png" server="ftp.365icon.com" local="3349953940" remote="11940264332" /><file name="spotify.png" server="ftp.365icon.com" local="3349952283" remote="11940264332" /><file name="tomtom_alt.png" server="ftp.365icon.com" local="3349952288" remote="11940264332" /><file name="tweetie2.png" server="ftp.365icon.com" local="3349951978" remote="11940264332" /><file name="voice_memo_3.png" server="ftp.365icon.com" local="3349952218" remote="11940264332" /><file name="words_with_friends.png" server="ftp.365icon.com" local="3349953259" remote="11940264332" /></dwsync>